{
  "zones": {
    "hero_cards": {
      "x": 0.4953125,
      "y": 0.6821705426356589,
      "w": 0.03802083333333333,
      "h": 0.07655038759689922
    },
    "board": {
      "x": 0.4322916666666667,
      "y": 0.3653100775193798,
      "w": 0.15208333333333332,
      "h": 0.09593023255813954
    },
    "pot": {
      "x": 0.3572916666666667,
      "y": 0.37209302325581395,
      "w": 0.05,
      "h": 0.07655038759689922
    },
    "seat_1": {
      "x": 0.22760416666666666,
      "y": 0.6608527131782945,
      "w": 0.09322916666666667,
      "h": 0.12887596899224807
    },
    "seat_2": {
      "x": 0.004166666666666667,
      "y": 0.500968992248062,
      "w": 0.09166666666666666,
      "h": 0.12596899224806202
    },
    "seat_3": {
      "x": 0.0036458333333333334,
      "y": 0.1996124031007752,
      "w": 0.09375,
      "h": 0.12790697674418605
    },
    "seat_4": {
      "x": 0.22916666666666666,
      "y": 0.03682170542635659,
      "w": 0.09270833333333334,
      "h": 0.12790697674418605
    },
    "seat_5": {
      "x": 0.4552083333333333,
      "y": 0.03875968992248062,
      "w": 0.09010416666666667,
      "h": 0.12596899224806202
    },
    "seat_6": {
      "x": 0.6776041666666667,
      "y": 0.035852713178294575,
      "w": 0.09166666666666666,
      "h": 0.12790697674418605
    },
    "seat_7": {
      "x": 0.9036458333333334,
      "y": 0.20155038759689922,
      "w": 0.09270833333333334,
      "h": 0.125
    },
    "seat_8": {
      "x": 0.9020833333333333,
      "y": 0.500968992248062,
      "w": 0.09375,
      "h": 0.12209302325581395
    },
    "seat_9": {
      "x": 0.6760416666666667,
      "y": 0.6647286821705426,
      "w": 0.09427083333333333,
      "h": 0.1298449612403101
    },
    "seat_10": {
      "x": 0.4510416666666667,
      "y": 0.6589147286821705,
      "w": 0.09583333333333334,
      "h": 0.13372093023255813
    },
    "actions": {
      "x": 0.45208333333333334,
      "y": 0.7974806201550387,
      "w": 0.09479166666666666,
      "h": 0.20251937984496124
    },
    "table_meta": {
      "x": 0.5895833333333333,
      "y": 0.3633720930232558,
      "w": 0.058854166666666666,
      "h": 0.09496124031007752
    }
  },
  "meta": {
    "reference_width": 1920,
    "reference_height": 1032,
    "hero_seat_name": "seat_10"
  }
}
